factory_id,line_id,date,electricity_kwh,gas_nm3
F003,L2,2024-05-02,1458.37,244.5
F002,L3,2024-05-30,1090.02,254.8
F002,L1,2024-05-16,1500.39,150.4
F003,L3,2024-05-12,1381.94,250.0
F002,L1,2024-05-06,936.43,166.2
F003,L3,2024-05-27,1032.35,191.6
F003,L3,2024-05-02,865.83,198.4
F002,L1,2024-05-28,926.24,196.1
F003,L1,2024-05-20,1019.0,237.1
F002,L2,2024-05-29,929.69,257.3
F002,L2,2024-05-09,1342.91,217.0
F003,L3,2024-05-02,913.77,264.0
F003,L3,2024-05-11,1015.36,187.5
F001,L3,2024-05-09,1407.69,168.5
F003,L1,2024-05-31,903.12,128.7
F003,L3,2024-05-11,1175.83,164.0
F003,L3,2024-05-11,855.35,298.6
F003,L3,2024-05-28,1185.66,241.1
F002,L1,2024-05-20,1027.46,114.1
F001,L3,2024-05-14,1398.27,104.4
F001,L3,2024-05-12,912.59,179.6
F001,L1,2024-05-09,1508.12,115.2
F003,L3,2024-05-16,1220.46,137.8
F001,L3,2024-05-06,1320.57,280.4
F003,L1,2024-05-22,974.81,201.5
F002,L1,2024-05-23,1563.56,113.2
F001,L2,2024-05-02,1593.91,140.5
F003,L3,2024-05-08,848.92,263.0
F002,L2,2024-05-03,1223.31,160.3
F002,L3,2024-05-26,1492.02,110.8
F001,L3,2024-05-01,1304.37,283.6
F001,L1,2024-05-16,1528.48,208.1
F003,L1,2024-05-22,1526.8,106.3
F001,L2,2024-05-16,1379.89,244.6
F002,L2,2024-05-31,1166.15,192.8
F001,L2,2024-05-11,1412.2,191.2
F002,L2,2024-05-12,1039.04,223.5
F001,L1,2024-05-09,1519.61,200.9
F003,L2,2024-05-26,1488.69,150.0
F002,L3,2024-05-24,888.83,280.3
F001,L2,2024-05-20,963.46,163.0
F001,L1,2024-05-27,839.45,223.7
F001,L1,2024-05-23,999.59,230.6
F001,L1,2024-05-12,1342.97,296.7
F002,L3,2024-05-17,1051.92,249.3
F001,L2,2024-05-01,914.6,150.1
F002,L1,2024-05-26,1436.51,102.8
F002,L2,2024-05-23,884.9,226.4
F001,L3,2024-05-27,1037.56,263.0
F002,L2,2024-05-06,885.89,287.3
F002,L2,2024-05-18,1587.26,247.0
F002,L3,2024-05-05,1162.53,275.8
F003,L2,2024-05-08,843.63,216.6
F001,L2,2024-05-19,1061.75,195.6
F001,L2,2024-05-06,1333.36,131.5
F003,L2,2024-05-17,1296.0,190.8
F001,L1,2024-05-12,1236.96,207.4
F003,L3,2024-05-20,1515.21,218.3
F003,L3,2024-05-31,1568.69,266.0
F002,L1,2024-05-13,1342.96,166.8
F003,L1,2024-05-24,1365.5,216.8
F002,L2,2024-05-22,1599.82,299.7
F002,L2,2024-05-25,1057.14,147.7
F003,L1,2024-05-01,1006.26,293.7
F001,L2,2024-05-28,924.97,275.2
F003,L3,2024-05-13,1196.41,173.1
F002,L2,2024-05-29,807.47,113.8
F003,L2,2024-05-25,1190.45,237.5
F001,L1,2024-05-29,1347.88,175.2
F001,L3,2024-05-30,1292.85,250.7
F002,L2,2024-05-05,1407.02,290.6
F001,L3,2024-05-05,1526.07,239.5
F001,L3,2024-05-10,1332.83,192.3
F003,L1,2024-05-27,1308.2,148.3
F003,L2,2024-05-02,1338.34,121.2
F001,L1,2024-05-22,1038.46,249.3
F003,L3,2024-05-05,1441.51,249.2
F002,L2,2024-05-12,1185.15,268.6
F002,L2,2024-05-10,1318.08,243.5
F003,L3,2024-05-28,960.97,125.1
F003,L2,2024-05-16,1349.81,200.4
F001,L2,2024-05-22,841.78,281.5
F002,L3,2024-05-30,1206.47,169.5
F003,L2,2024-05-04,1354.05,173.0
F002,L3,2024-05-14,864.76,184.3
F003,L3,2024-05-29,1041.21,108.6
F001,L2,2024-05-30,1397.02,177.6
F002,L3,2024-05-01,1073.31,276.5
F002,L1,2024-05-23,1130.66,272.7
F001,L1,2024-05-07,1269.61,183.1
F001,L1,2024-05-05,1008.64,174.3
F001,L3,2024-05-05,1098.55,221.4
F001,L3,2024-05-05,865.22,129.1
F003,L2,2024-05-29,1254.01,269.1
F002,L3,2024-05-27,1407.85,275.5
F003,L2,2024-05-18,1043.34,196.3
F003,L3,2024-05-20,1592.32,247.9
F001,L3,2024-05-14,1543.77,111.7
F001,L2,2024-05-21,840.76,241.7
F002,L3,2024-05-29,1464.62,136.6
F002,L3,2024-05-24,862.86,150.1
F001,L1,2024-05-31,896.4,196.5
F002,L3,2024-05-30,1374.79,102.0
F002,L2,2024-05-07,1578.42,250.6
F001,L3,2024-05-27,1201.93,185.0
F002,L3,2024-05-21,813.58,204.8
F003,L2,2024-05-08,1449.84,100.9
F001,L1,2024-05-07,809.66,137.7
F002,L2,2024-05-07,1312.94,170.6
F002,L2,2024-05-13,1296.27,157.9
F003,L3,2024-05-10,1440.31,100.4
F002,L1,2024-05-27,1579.47,107.1
F003,L1,2024-05-16,962.59,143.6
F001,L2,2024-05-25,1219.01,241.9
F002,L3,2024-05-13,965.61,258.8
F001,L3,2024-05-24,983.41,168.3
F002,L1,2024-05-04,1245.43,238.1
F001,L1,2024-05-31,994.27,295.1
F001,L3,2024-05-27,1143.41,264.9
F003,L3,2024-05-19,1063.61,233.2
F002,L1,2024-05-22,853.69,167.0
F003,L3,2024-05-28,851.26,120.6
F003,L1,2024-05-17,1409.69,193.3
F003,L1,2024-05-26,1551.41,227.5
F002,L2,2024-05-13,982.83,230.2
F003,L2,2024-05-16,940.15,114.7
F001,L1,2024-05-14,1561.33,165.3
F003,L2,2024-05-11,808.14,140.2
F003,L2,2024-05-20,839.4,134.6
F003,L3,2024-05-09,1590.31,106.2
F001,L2,2024-05-12,974.97,226.6
F001,L3,2024-05-24,886.12,140.2
F003,L2,2024-05-24,1074.36,269.1
F002,L3,2024-05-11,1131.64,266.1
F003,L3,2024-05-11,837.95,261.2
F003,L1,2024-05-02,1095.32,200.3
F003,L1,2024-05-15,1431.75,125.2
F002,L2,2024-05-05,1027.23,270.9
F002,L3,2024-05-20,857.8,171.1
F003,L3,2024-05-31,1204.27,201.5
F001,L1,2024-05-30,1370.43,165.6
F002,L3,2024-05-15,1153.37,182.7
F003,L1,2024-05-08,1119.97,117.0
F002,L2,2024-05-14,1471.32,127.5
F001,L1,2024-05-23,1557.34,250.2
F001,L3,2024-05-21,1062.23,153.8
F003,L3,2024-05-27,818.96,271.5
F001,L3,2024-05-10,1249.52,152.7
F002,L1,2024-05-22,1481.97,262.9
F003,L2,2024-05-15,1184.21,261.8
F002,L2,2024-05-03,1377.46,147.5
F003,L3,2024-05-28,1149.54,225.1
F001,L3,2024-05-31,1505.27,106.8
F003,L1,2024-05-23,1094.0,169.3
F002,L3,2024-05-15,1212.45,128.3
F001,L3,2024-05-23,1320.94,248.2
F002,L3,2024-05-25,950.62,261.4
F001,L3,2024-05-25,1027.82,130.8
F002,L1,2024-05-14,1106.29,212.4
F002,L3,2024-05-08,1127.81,241.1
F002,L3,2024-05-02,1596.2,187.7
F001,L3,2024-05-05,823.25,271.6
F001,L3,2024-05-23,971.73,288.0
F001,L1,2024-05-06,809.13,282.6
F003,L2,2024-05-13,1481.94,185.7
F001,L2,2024-05-06,1555.41,139.9
F002,L1,2024-05-10,1419.48,200.7
F002,L2,2024-05-14,1186.41,192.0
F001,L3,2024-05-21,1357.22,169.5
F003,L2,2024-05-16,1444.42,267.8
F001,L3,2024-05-14,1191.29,106.8
F002,L2,2024-05-27,1160.47,220.2
F001,L2,2024-05-09,1380.64,101.1
F003,L2,2024-05-09,1590.19,278.9
F003,L3,2024-05-16,1397.01,148.2
F003,L1,2024-05-25,1083.03,293.6
F002,L3,2024-05-04,846.51,132.2
F001,L1,2024-05-05,1574.09,260.2
F002,L2,2024-05-05,1052.99,296.9
F003,L1,2024-05-22,826.13,165.6
F001,L2,2024-05-01,1479.53,255.9
F002,L1,2024-05-27,1052.39,257.5
F003,L1,2024-05-02,820.46,283.3
F003,L1,2024-05-31,1511.18,107.0
F001,L3,2024-05-17,1550.55,151.5
F002,L3,2024-05-08,1304.64,245.7
F002,L1,2024-05-28,1121.51,214.5
F003,L3,2024-05-02,1243.58,155.3
F001,L1,2024-05-19,1224.9,289.3
F002,L2,2024-05-03,1218.94,128.7
F001,L1,2024-05-12,1035.03,286.5
F003,L3,2024-05-09,1323.8,241.9
F002,L3,2024-05-03,882.85,293.3
F003,L3,2024-05-02,957.06,170.7
F002,L3,2024-05-01,1262.26,133.2
F003,L2,2024-05-03,1460.55,162.7
F002,L3,2024-05-20,1390.66,217.9
F003,L3,2024-05-08,1408.27,127.9
F003,L3,2024-05-23,1158.13,183.7
F002,L2,2024-05-28,1144.16,298.7
F002,L1,2024-05-27,1382.33,215.4
F002,L1,2024-05-29,961.61,289.8
F002,L1,2024-05-21,969.96,222.4
F002,L3,2024-05-07,1227.0,157.4
F003,L3,2024-05-21,955.54,205.6
F003,L1,2024-05-14,991.05,238.1
F003,L3,2024-05-07,1306.91,274.5
F002,L3,2024-05-01,944.29,250.4
F001,L3,2024-05-06,1501.97,194.4
F002,L2,2024-05-18,863.88,165.1
F001,L1,2024-05-27,1493.7,115.5
F002,L3,2024-05-14,845.18,187.5
F002,L2,2024-05-27,1161.86,114.3
F001,L3,2024-05-26,1499.08,233.0
F003,L3,2024-05-05,1410.59,274.9
F001,L1,2024-05-17,1576.1,298.2
F002,L2,2024-05-09,826.8,200.7
F001,L1,2024-05-22,1468.77,141.8
F001,L2,2024-05-15,1191.04,196.4
F003,L3,2024-05-06,1013.03,219.4
F003,L1,2024-05-13,1058.9,250.1
F002,L1,2024-05-07,1538.74,156.4
F002,L2,2024-05-31,1007.01,172.7
F003,L3,2024-05-10,1053.08,190.5
F001,L2,2024-05-15,1375.34,294.5
F002,L3,2024-05-26,1559.31,203.6
F001,L2,2024-05-05,1376.24,230.9
F003,L3,2024-05-31,838.82,122.5
F003,L2,2024-05-31,883.38,285.1
F001,L2,2024-05-24,1146.22,278.6
F001,L3,2024-05-28,1075.46,164.0
F002,L2,2024-05-24,1136.37,298.6
F003,L2,2024-05-02,1328.82,250.2
F003,L1,2024-05-20,1235.68,200.8
F001,L1,2024-05-28,1266.31,151.8
F002,L3,2024-05-02,941.98,197.0
F003,L2,2024-05-02,998.9,225.1
F003,L3,2024-05-29,1075.28,140.6
F001,L1,2024-05-25,1232.38,130.1
F002,L3,2024-05-29,1087.65,155.8
F002,L2,2024-05-02,1071.2,163.4
F002,L3,2024-05-16,1482.58,287.7
F003,L1,2024-05-13,953.9,208.8
F003,L1,2024-05-26,932.95,153.9
F003,L3,2024-05-28,1526.4,192.8
F002,L1,2024-05-22,1220.27,234.3
F001,L3,2024-05-30,1350.42,281.9
F002,L3,2024-05-30,1170.15,247.2
F002,L2,2024-05-24,1444.35,290.5
F001,L3,2024-05-16,819.67,236.9
F002,L3,2024-05-09,1175.67,251.5
F003,L1,2024-05-14,1221.29,214.2
F001,L1,2024-05-26,1288.57,135.8
F003,L2,2024-05-03,1417.51,242.5
F001,L3,2024-05-08,911.6,250.7
F001,L2,2024-05-06,1078.81,237.0
F002,L3,2024-05-04,1529.15,172.1
F002,L2,2024-05-09,851.54,207.8
F001,L2,2024-05-18,1518.03,277.6
F001,L1,2024-05-09,1412.66,110.2
F001,L2,2024-05-13,979.73,140.6
F001,L3,2024-05-05,1144.87,138.2
F003,L2,2024-05-28,1289.9,161.7
F002,L3,2024-05-27,1404.01,290.2
F002,L2,2024-05-04,1141.31,258.6
F003,L3,2024-05-14,1323.4,118.5
F001,L3,2024-05-26,1093.35,204.9
F001,L3,2024-05-14,1525.78,162.7
F002,L3,2024-05-07,1038.45,177.3
F003,L3,2024-05-17,1459.2,288.6
F001,L1,2024-05-01,1261.3,270.2
F003,L2,2024-05-06,1216.53,258.3
F003,L2,2024-05-13,1173.46,275.0
F001,L2,2024-05-07,862.43,140.5
F001,L3,2024-05-10,1109.96,120.6
F001,L3,2024-05-13,1573.96,130.4
F001,L1,2024-05-31,965.99,278.1
F002,L3,2024-05-02,1212.45,262.0
F003,L2,2024-05-10,1256.77,226.3
F002,L1,2024-05-09,1482.59,241.5
F003,L1,2024-05-08,1554.23,112.2
F003,L1,2024-05-13,1129.64,253.7
F002,L1,2024-05-25,1576.88,204.8
F002,L2,2024-05-10,857.9,250.0
F003,L3,2024-05-11,1162.97,282.8
F002,L1,2024-05-06,1516.05,170.4
F001,L3,2024-05-01,1209.16,205.4
F001,L1,2024-05-13,1384.89,254.8
F003,L1,2024-05-24,1327.86,112.0
F002,L1,2024-05-10,1135.07,103.5
F001,L2,2024-05-09,1289.99,167.1
F003,L3,2024-05-20,884.76,264.6
F002,L1,2024-05-29,1049.81,114.5
F001,L2,2024-05-13,1301.19,209.1
F002,L2,2024-05-16,1498.91,144.2
F001,L1,2024-05-14,1079.32,275.0
F003,L2,2024-05-05,1517.53,254.8
F003,L1,2024-05-12,1012.86,150.8
F001,L2,2024-05-03,1440.2,228.4
F001,L3,2024-05-15,1404.76,223.3
F002,L1,2024-05-06,995.11,231.8
F002,L3,2024-05-30,1399.22,268.1
F002,L2,2024-05-04,1002.07,168.0
F001,L3,2024-05-07,1420.96,199.9
F001,L2,2024-05-15,1259.93,163.4
F002,L3,2024-05-26,852.79,212.6
F003,L3,2024-05-06,1034.17,251.7
F001,L1,2024-05-01,1456.55,136.0
F003,L3,2024-05-03,1085.23,230.7
F001,L3,2024-05-19,1487.62,236.0
F001,L1,2024-05-28,1152.39,178.5
F001,L1,2024-05-27,926.34,221.5
F001,L2,2024-05-31,836.39,165.5
F001,L2,2024-05-24,982.38,242.5
F002,L3,2024-05-30,1280.11,146.3
F003,L2,2024-05-08,843.34,263.7
F003,L1,2024-05-12,836.66,251.1
F002,L2,2024-05-20,1117.95,130.4
F001,L3,2024-05-08,1204.66,156.3
F001,L3,2024-05-27,985.57,228.5
F002,L2,2024-05-07,1276.9,218.4
F001,L3,2024-05-18,1406.01,247.5
F001,L1,2024-05-08,1588.27,204.5
F003,L2,2024-05-27,876.82,211.3
F003,L1,2024-05-27,902.43,229.8
F003,L2,2024-05-26,816.28,294.9
F002,L3,2024-05-17,1483.95,232.2
F002,L3,2024-05-01,1469.01,123.6
F001,L1,2024-05-15,1190.58,121.0
F003,L1,2024-05-16,1002.51,151.4
F003,L3,2024-05-08,1254.4,238.4
F002,L1,2024-05-16,1551.72,270.8
F001,L1,2024-05-07,1368.02,171.3
F003,L3,2024-05-29,1203.3,155.4
F003,L2,2024-05-11,1339.37,197.4
F001,L2,2024-05-10,1424.59,219.8
F002,L2,2024-05-31,803.93,127.0
F002,L2,2024-05-24,846.44,158.4
F002,L2,2024-05-04,918.38,211.7
F003,L1,2024-05-07,1149.09,218.8
F003,L3,2024-05-05,1084.47,271.5
F003,L3,2024-05-31,1268.5,156.4
F002,L1,2024-05-19,997.65,173.0
F002,L1,2024-05-05,1116.74,254.8
F002,L2,2024-05-15,1098.77,238.0
F002,L2,2024-05-18,1031.74,211.8
F001,L1,2024-05-22,1392.45,185.5
F002,L2,2024-05-17,855.6,163.0
F002,L3,2024-05-18,853.64,167.7
F002,L2,2024-05-29,1014.11,222.0
F003,L1,2024-05-25,1290.62,102.3
F003,L2,2024-05-08,1279.53,127.1
F003,L2,2024-05-02,1217.53,207.5
F002,L1,2024-05-06,1280.07,211.8
F002,L1,2024-05-10,1363.85,106.0
F001,L2,2024-05-20,1447.74,197.8
F003,L2,2024-05-15,1582.62,154.5
F002,L1,2024-05-22,1495.54,189.9
F002,L1,2024-05-09,1408.68,290.6
F001,L3,2024-05-14,1167.06,113.6
F002,L2,2024-05-27,1433.49,295.3
F002,L3,2024-05-16,1556.65,146.6
F002,L1,2024-05-25,1543.57,232.7
F003,L2,2024-05-01,1074.5,141.1
F002,L3,2024-05-29,1479.13,216.1
F001,L3,2024-05-28,1396.65,158.7
F001,L3,2024-05-22,1197.53,276.7
F002,L3,2024-05-21,1022.33,142.9
F002,L3,2024-05-30,929.24,120.8
F003,L3,2024-05-22,1434.39,191.3
F002,L1,2024-05-22,1375.13,290.6
F003,L3,2024-05-04,1109.76,201.3
F001,L1,2024-05-14,997.8,252.6
F001,L1,2024-05-09,1230.42,166.4
F003,L3,2024-05-14,1159.4,282.6
F001,L2,2024-05-11,1447.37,238.8
F003,L1,2024-05-18,1575.04,268.2
F003,L1,2024-05-06,1479.6,251.6
F003,L3,2024-05-28,1227.22,173.4
F003,L1,2024-05-09,1261.96,234.8
F001,L3,2024-05-29,1123.47,227.6
F002,L1,2024-05-24,1356.55,235.5
F003,L2,2024-05-29,1094.33,193.0
F001,L1,2024-05-23,1435.84,142.9
F002,L1,2024-05-04,1223.69,173.7
F002,L2,2024-05-01,1194.44,124.7
F003,L2,2024-05-09,1237.95,284.4
F001,L2,2024-05-24,1044.34,101.0
F003,L3,2024-05-09,828.97,188.9
F002,L1,2024-05-05,990.75,272.3
F001,L1,2024-05-24,1138.25,293.8
F001,L2,2024-05-25,1593.48,197.3
F003,L2,2024-05-17,1392.47,135.3
F003,L3,2024-05-22,1518.7,249.8
F002,L1,2024-05-15,1539.14,248.5
F002,L3,2024-05-23,1188.34,264.6
F003,L1,2024-05-29,1491.04,123.0
F003,L3,2024-05-16,1351.72,262.5
F002,L3,2024-05-27,1501.63,298.4
F002,L3,2024-05-31,1092.98,280.3
F002,L3,2024-05-23,1582.7,233.4
F003,L1,2024-05-31,1333.46,282.0
F001,L3,2024-05-11,950.01,217.4
F003,L1,2024-05-12,1318.05,218.0
F002,L3,2024-05-26,1196.45,124.1
F002,L1,2024-05-23,1121.04,253.6
F001,L2,2024-05-10,1542.71,240.1
F002,L1,2024-05-31,1539.78,170.0
F001,L1,2024-05-10,896.73,280.1
F002,L3,2024-05-13,1477.38,193.0
F001,L2,2024-05-25,1599.73,187.6
F001,L2,2024-05-19,1594.31,247.0
F002,L1,2024-05-15,1143.98,248.3
F002,L1,2024-05-14,1498.68,252.2
F001,L3,2024-05-15,925.83,244.1
F001,L3,2024-05-10,968.53,209.6
F001,L2,2024-05-30,1375.43,192.4
F001,L1,2024-05-28,1507.06,106.9
F003,L2,2024-05-10,997.26,114.4
F003,L1,2024-05-19,853.4,202.1
F002,L2,2024-05-29,1185.99,167.1
F001,L2,2024-05-13,1445.52,297.8
F003,L1,2024-05-21,835.84,140.8
F003,L1,2024-05-13,1354.96,121.5
F003,L3,2024-05-12,826.25,262.6
F002,L1,2024-05-08,1005.89,240.3
F002,L1,2024-05-03,1492.11,130.9
F003,L1,2024-05-27,1451.15,186.4
F002,L2,2024-05-13,1576.11,157.3
F001,L2,2024-05-08,1388.71,135.8
F001,L3,2024-05-21,891.14,272.5
F003,L2,2024-05-08,1067.95,240.3
F003,L3,2024-05-14,1530.79,193.3
F003,L1,2024-05-12,1243.22,113.6
F003,L1,2024-05-31,1066.35,144.9
F001,L1,2024-05-13,1420.61,188.7
F003,L3,2024-05-18,1107.88,171.4
F002,L1,2024-05-14,888.17,123.8
F002,L1,2024-05-24,1078.22,173.1
F002,L1,2024-05-12,1571.22,131.3
F002,L1,2024-05-18,1118.78,198.5
F002,L2,2024-05-03,901.37,138.2
F003,L3,2024-05-19,1469.9,293.5
F003,L3,2024-05-14,1324.64,286.6
F002,L3,2024-05-13,1277.36,274.9
F001,L2,2024-05-14,819.96,176.6
F001,L2,2024-05-22,1076.67,173.2
F002,L3,2024-05-28,1404.23,239.0
F002,L1,2024-05-28,1268.02,194.9
F003,L2,2024-05-19,1067.66,113.4
F001,L2,2024-05-26,958.31,253.0
F002,L2,2024-05-17,1317.09,233.8
F003,L2,2024-05-14,1350.17,122.4
F002,L2,2024-05-25,871.34,155.4
F002,L1,2024-05-11,918.96,240.0
F002,L2,2024-05-08,920.93,128.2
F003,L2,2024-05-29,1503.0,189.9
F003,L3,2024-05-17,875.82,297.9
F001,L2,2024-05-17,1352.79,133.6
F003,L2,2024-05-03,1292.34,207.0
F001,L3,2024-05-20,1503.78,231.7
F001,L2,2024-05-25,1432.74,160.4
F003,L3,2024-05-24,1454.99,276.3
F001,L2,2024-05-17,887.97,250.8
F003,L1,2024-05-01,1382.26,204.2
F001,L2,2024-05-17,1233.47,218.6
F001,L2,2024-05-28,1323.51,297.9
F001,L3,2024-05-04,1014.22,138.5
F002,L3,2024-05-27,820.13,298.8
F003,L3,2024-05-04,1355.9,278.6
F002,L2,2024-05-31,1368.16,168.3
F003,L3,2024-05-24,1458.88,186.4
F003,L3,2024-05-02,1307.81,292.3
F001,L1,2024-05-04,1128.75,183.0
F002,L2,2024-05-01,1511.77,292.2
F001,L1,2024-05-30,1564.81,158.1
F002,L2,2024-05-27,1137.62,151.7
F003,L1,2024-05-05,1364.52,244.8
F002,L3,2024-05-17,1491.16,179.3
F001,L1,2024-05-15,1454.6,153.5
F003,L3,2024-05-26,1471.36,217.0
F003,L3,2024-05-11,1279.05,269.4
F002,L1,2024-05-28,1262.98,100.1
F001,L1,2024-05-24,1474.74,249.0
F002,L2,2024-05-31,1349.48,199.1
F001,L2,2024-05-13,1083.54,270.1
F003,L3,2024-05-04,968.87,157.1
F003,L3,2024-05-12,1479.49,160.6
F003,L3,2024-05-22,1403.04,158.1
F001,L2,2024-05-09,1081.37,205.7
F001,L3,2024-05-23,1545.66,275.5
F001,L1,2024-05-25,901.66,145.2
F002,L1,2024-05-09,1514.68,295.8
F003,L2,2024-05-13,1003.74,283.4
F002,L1,2024-05-29,974.06,273.3
F002,L2,2024-05-16,1001.04,208.8
F001,L3,2024-05-24,810.66,164.6
F003,L1,2024-05-19,996.32,276.9
F001,L3,2024-05-08,1095.19,226.7
F002,L1,2024-05-22,1311.25,203.0
F002,L3,2024-05-18,1542.3,125.0
F001,L1,2024-05-14,1289.53,174.6
F003,L1,2024-05-06,1096.36,283.1
F002,L1,2024-05-31,1166.79,237.7
F001,L1,2024-05-14,1231.1,116.6
F001,L2,2024-05-11,984.56,150.9
F003,L1,2024-05-20,1391.62,240.7
F002,L2,2024-05-21,1592.1,267.0
F003,L1,2024-05-06,1524.07,256.7
F001,L3,2024-05-01,870.34,190.9
F001,L3,2024-05-01,1136.4,212.8
F002,L1,2024-05-05,1399.12,232.1
F003,L2,2024-05-09,1163.87,255.4
F003,L1,2024-05-09,876.39,276.0
F003,L2,2024-05-23,997.37,114.6
F003,L1,2024-05-06,1559.82,247.2
F001,L3,2024-05-14,1470.38,249.7
F002,L3,2024-05-21,839.95,184.9
F003,L2,2024-05-31,1395.75,194.1
F003,L3,2024-05-05,1400.92,242.5
F001,L1,2024-05-22,1497.99,159.1
F003,L1,2024-05-17,1000.26,248.3
F003,L1,2024-05-13,814.27,117.0
F003,L2,2024-05-16,1369.26,257.2
F002,L3,2024-05-08,950.71,286.6
F002,L1,2024-05-05,1059.6,218.3
F003,L1,2024-05-05,1010.94,172.0
F002,L2,2024-05-15,1415.97,191.2
F002,L2,2024-05-15,1339.56,109.6
F001,L3,2024-05-26,1216.93,275.5
F001,L1,2024-05-04,1548.55,156.4
F002,L2,2024-05-02,981.82,175.7
F003,L1,2024-05-19,1461.68,242.3
F003,L2,2024-05-18,1465.75,274.6
F001,L1,2024-05-25,1398.46,233.4
F002,L2,2024-05-29,1350.45,238.4
F003,L3,2024-05-08,1094.8,200.6
F003,L2,2024-05-15,1402.25,111.2
F002,L3,2024-05-23,1561.74,265.9
F003,L3,2024-05-06,1220.98,148.3
F003,L3,2024-05-02,920.17,294.7
F002,L2,2024-05-14,864.97,183.9
F003,L3,2024-05-21,1179.36,290.1
F002,L3,2024-05-15,1315.88,205.1
F001,L3,2024-05-25,1255.61,257.5
F001,L3,2024-05-14,1397.03,115.7
F001,L3,2024-05-11,1294.72,158.1
F003,L2,2024-05-26,1268.62,240.9
F001,L1,2024-05-23,1248.22,249.7
F001,L1,2024-05-31,1306.05,292.2
F001,L1,2024-05-20,1024.63,142.8
F002,L3,2024-05-14,910.11,234.9
F003,L3,2024-05-13,1506.67,170.6
F003,L3,2024-05-29,1194.77,193.0
F001,L3,2024-05-16,1243.16,226.3
F001,L1,2024-05-02,1240.11,229.0
F001,L1,2024-05-04,1393.88,135.6
F002,L3,2024-05-14,1276.92,179.0
F002,L1,2024-05-11,1190.75,217.2
F001,L2,2024-05-28,1266.15,251.0
F001,L3,2024-05-23,1118.03,119.6
F003,L3,2024-05-26,811.22,202.3
F001,L3,2024-05-09,1304.93,170.6
F003,L2,2024-05-29,946.71,131.3
F001,L2,2024-05-28,1338.71,228.2
F003,L3,2024-05-19,1566.88,184.7
F003,L3,2024-05-05,1295.33,263.2
F001,L1,2024-05-31,1595.29,123.0
F001,L3,2024-05-15,924.23,166.4
F001,L3,2024-05-07,1491.72,151.2
F001,L2,2024-05-08,1555.64,192.7
F003,L2,2024-05-22,1187.25,188.9
F002,L3,2024-05-26,1456.62,177.6
F002,L3,2024-05-28,1185.69,109.6
F003,L1,2024-05-01,1039.65,229.4
F002,L3,2024-05-03,1005.41,194.1
F002,L1,2024-05-21,1516.35,225.6
F003,L1,2024-05-31,1430.79,117.1
F003,L3,2024-05-20,828.18,268.5
F002,L2,2024-05-29,1366.39,182.5
F002,L3,2024-05-09,1179.65,258.7
F003,L1,2024-05-15,895.77,287.1
F002,L1,2024-05-12,1112.04,200.1
F001,L3,2024-05-02,974.42,169.7
F001,L2,2024-05-30,1591.14,283.4
F002,L3,2024-05-05,1506.86,165.2
F002,L3,2024-05-24,1511.56,197.9
F002,L3,2024-05-01,1179.64,212.0
F001,L3,2024-05-02,1328.95,135.2
F003,L1,2024-05-21,1276.31,262.3
F002,L2,2024-05-31,1380.82,249.8
F001,L1,2024-05-22,1103.1,152.1
F003,L3,2024-05-26,1286.0,231.3
F003,L1,2024-05-04,1416.75,179.0
F002,L2,2024-05-13,1358.43,151.1
F003,L1,2024-05-19,1054.69,225.9
F002,L2,2024-05-29,1593.7,143.5
F001,L1,2024-05-21,1115.09,178.0
F003,L1,2024-05-26,1592.47,171.7
F001,L2,2024-05-09,845.19,202.1
F003,L3,2024-05-28,1318.38,274.2
F003,L1,2024-05-03,963.59,230.8
F001,L3,2024-05-24,1181.14,226.4
F003,L3,2024-05-08,1283.48,173.0
F001,L2,2024-05-30,1302.89,132.6
F003,L2,2024-05-19,1399.44,178.5
F002,L2,2024-05-23,848.95,172.1
F003,L3,2024-05-19,1371.38,107.4
F001,L1,2024-05-23,1270.25,221.0
F003,L3,2024-05-30,876.88,158.5
F003,L1,2024-05-27,1552.62,101.9
F003,L1,2024-05-19,997.83,255.2
F001,L1,2024-05-05,1112.88,214.4
F002,L2,2024-05-14,815.77,112.9
F002,L3,2024-05-28,1228.6,115.1
F002,L2,2024-05-03,1354.55,248.4
F001,L3,2024-05-09,938.23,225.1
F002,L1,2024-05-24,1272.35,259.3
F001,L2,2024-05-14,1333.15,281.4
F002,L3,2024-05-20,925.21,144.0
F002,L2,2024-05-29,903.72,209.4
F003,L2,2024-05-22,820.67,297.7
F002,L1,2024-05-01,1427.07,130.3
F001,L3,2024-05-25,1495.82,135.5
F001,L1,2024-05-12,1560.42,208.6
F002,L3,2024-05-20,1198.28,174.9
F001,L2,2024-05-26,1524.36,229.8
F002,L2,2024-05-31,925.32,205.2
F002,L3,2024-05-16,1012.87,155.4
F002,L2,2024-05-02,1163.88,130.2
F003,L1,2024-05-04,1406.55,284.7
F001,L3,2024-05-31,1082.74,236.9
F003,L3,2024-05-02,1547.7,196.0
F002,L3,2024-05-10,1455.06,288.4
F001,L3,2024-05-22,1070.73,122.2
F001,L2,2024-05-17,808.43,100.3
F003,L3,2024-05-29,1344.35,184.1
F003,L2,2024-05-26,1572.96,150.7
F002,L1,2024-05-19,969.72,206.3
F003,L3,2024-05-31,1141.41,138.8
F002,L3,2024-05-10,1110.93,166.1
F001,L1,2024-05-10,1453.79,188.5
F003,L3,2024-05-14,1579.25,139.7
F002,L3,2024-05-29,1488.5,131.2
F003,L2,2024-05-30,1514.03,200.4
F003,L1,2024-05-12,800.41,143.7
F002,L1,2024-05-18,1508.85,199.7
F002,L2,2024-05-02,1058.51,132.9
F003,L2,2024-05-01,1055.59,226.7
F002,L2,2024-05-05,1401.24,105.3
F002,L3,2024-05-19,1141.65,219.0
F002,L2,2024-05-31,1270.0,190.2
F002,L2,2024-05-01,1257.71,250.2
F002,L3,2024-05-04,1285.2,118.6
F002,L2,2024-05-24,985.48,187.2
F001,L3,2024-05-15,1316.44,205.4
F003,L2,2024-05-26,1039.55,249.5
F003,L3,2024-05-12,1522.53,274.4
F002,L1,2024-05-08,890.59,226.3
F003,L2,2024-05-31,1009.96,291.6
F003,L3,2024-05-30,1112.24,283.8
F001,L3,2024-05-11,944.87,195.8
F002,L2,2024-05-16,1022.13,187.7
F001,L1,2024-05-05,977.81,154.8
F002,L2,2024-05-12,1106.79,263.0
F003,L1,2024-05-30,1238.63,212.6
F003,L2,2024-05-11,1098.65,218.5
F003,L3,2024-05-28,1578.73,125.4
F001,L3,2024-05-02,1311.4,105.7
F001,L2,2024-05-19,809.84,157.3
F003,L1,2024-05-15,984.09,164.4
F002,L2,2024-05-02,1058.02,213.5
F003,L1,2024-05-09,1042.33,137.0
F002,L1,2024-05-28,1326.17,273.9
F001,L1,2024-05-07,1288.05,149.4
F001,L2,2024-05-11,989.4,174.4
F001,L3,2024-05-12,1290.03,194.5
F003,L3,2024-05-18,816.11,179.2
F001,L3,2024-05-06,1384.19,124.0
F002,L1,2024-05-17,1192.07,197.8
F003,L2,2024-05-21,1176.55,230.3
F003,L1,2024-05-25,1361.25,195.2
F001,L2,2024-05-28,1551.56,149.5
F003,L2,2024-05-15,975.59,228.2
F003,L3,2024-05-08,1494.11,269.1
F002,L1,2024-05-19,1199.61,213.9
F002,L3,2024-05-26,1060.72,167.0
F001,L1,2024-05-22,1314.07,155.5
F002,L3,2024-05-02,1154.95,128.1
F002,L1,2024-05-31,1287.84,294.6
F003,L1,2024-05-22,865.35,285.8
F003,L1,2024-05-23,945.57,289.9
F002,L2,2024-05-05,1158.91,131.7
F002,L2,2024-05-08,812.56,224.2
F003,L1,2024-05-24,1080.98,200.0
F001,L2,2024-05-15,1055.59,216.8
F003,L2,2024-05-06,1022.37,227.5
F003,L1,2024-05-23,1503.42,257.3
F003,L2,2024-05-22,827.44,201.2
F003,L2,2024-05-01,1195.88,242.4
F001,L3,2024-05-18,1445.13,172.9
F003,L2,2024-05-11,1294.87,195.4
F002,L3,2024-05-07,1496.34,289.1
F001,L2,2024-05-24,1358.57,104.8
F001,L1,2024-05-28,836.35,221.2
F002,L1,2024-05-03,1423.59,206.9
F002,L2,2024-05-18,993.87,190.0
F001,L1,2024-05-16,1492.04,204.1
F002,L1,2024-05-15,1255.33,262.8
F001,L1,2024-05-10,1582.82,245.0
F001,L2,2024-05-03,978.16,120.7
F001,L1,2024-05-28,1509.09,237.7
F003,L1,2024-05-27,1565.91,174.4
F001,L1,2024-05-14,1247.41,236.7
F003,L1,2024-05-28,1140.04,286.7
F003,L1,2024-05-14,1154.44,139.8
F002,L2,2024-05-11,1333.37,109.2
F002,L2,2024-05-16,1097.11,286.8
F003,L2,2024-05-15,1427.73,247.0
F002,L2,2024-05-04,1448.71,163.7
F003,L3,2024-05-22,1510.67,196.3
F003,L1,2024-05-12,1581.78,158.7
F001,L2,2024-05-23,1460.06,249.8
F003,L3,2024-05-24,1201.75,112.9
F003,L3,2024-05-30,1056.13,165.1
F002,L1,2024-05-07,1074.09,200.8
F002,L2,2024-05-21,919.18,205.3
F001,L2,2024-05-31,891.31,258.6
F001,L2,2024-05-02,1431.37,247.0
F002,L3,2024-05-08,893.55,175.8
F003,L3,2024-05-04,1142.5,236.1
F001,L1,2024-05-11,1308.17,225.9
F002,L1,2024-05-08,1318.32,103.3
F002,L2,2024-05-22,1323.52,109.0
F001,L2,2024-05-11,1241.6,106.8
F003,L3,2024-05-19,910.22,225.2
F001,L2,2024-05-28,1513.47,224.6
F001,L3,2024-05-13,1048.14,257.9
F003,L1,2024-05-11,1149.68,169.7
F003,L3,2024-05-27,1204.97,108.1
F003,L1,2024-05-26,1324.33,142.2
F001,L2,2024-05-10,1189.79,274.2
F002,L2,2024-05-11,1416.97,283.3
F001,L2,2024-05-02,1219.18,144.2
F002,L1,2024-05-26,1410.54,159.4
F003,L3,2024-05-06,1008.51,229.4
F003,L3,2024-05-27,1368.15,180.3
F001,L3,2024-05-20,828.17,108.1
F001,L2,2024-05-12,969.38,281.4
F003,L3,2024-05-01,1018.58,294.6
F003,L3,2024-05-28,1408.48,259.8
F002,L2,2024-05-21,932.57,163.2
F002,L1,2024-05-22,1260.28,121.9
F002,L1,2024-05-19,1263.64,289.0
F001,L1,2024-05-16,1459.71,290.5
F003,L1,2024-05-29,1118.4,181.3
F003,L3,2024-05-04,978.3,103.6
F003,L3,2024-05-10,1103.78,121.7
F001,L3,2024-05-04,1091.87,120.2
F002,L2,2024-05-09,1541.98,177.0
F001,L2,2024-05-15,985.31,131.0
F002,L1,2024-05-14,886.4,188.3
F003,L3,2024-05-15,1115.73,254.1
F001,L3,2024-05-12,1542.31,258.4
F003,L3,2024-05-31,1047.26,156.0
F001,L3,2024-05-02,1304.7,229.5
F003,L2,2024-05-04,1173.0,146.3
F001,L1,2024-05-25,1069.48,199.2
F002,L1,2024-05-29,1022.2,176.5
F001,L2,2024-05-27,1526.58,150.5
F001,L2,2024-05-11,829.51,153.0
F001,L2,2024-05-06,1144.11,156.8
F002,L3,2024-05-22,1200.18,226.6
F003,L2,2024-05-24,1276.86,245.7
F002,L2,2024-05-03,1327.89,267.9
F001,L1,2024-05-30,1384.24,192.6
F001,L2,2024-05-20,1204.79,265.7
F001,L1,2024-05-20,951.48,209.5
F001,L2,2024-05-08,1275.38,286.2
F003,L1,2024-05-10,1519.16,263.4
F003,L2,2024-05-01,1364.03,197.2
F003,L3,2024-05-04,1048.79,152.3
F002,L1,2024-05-26,936.29,238.8
F001,L2,2024-05-07,1025.93,165.1
F002,L2,2024-05-03,1245.59,128.7
F002,L3,2024-05-05,1464.9,141.6
F002,L1,2024-05-28,1350.34,168.9
F001,L3,2024-05-22,1081.26,285.9
F003,L2,2024-05-25,913.09,196.2
F001,L2,2024-05-13,1522.09,200.7
F001,L3,2024-05-29,1019.1,275.4
F001,L3,2024-05-01,1150.88,194.2
F001,L2,2024-05-07,964.42,106.5
F003,L1,2024-05-22,1294.64,197.7
F001,L3,2024-05-26,998.58,181.3
F001,L2,2024-05-08,995.07,275.7
F001,L2,2024-05-15,1532.71,185.9
F002,L2,2024-05-29,1291.53,282.3
F003,L1,2024-05-19,1307.65,158.6
F002,L3,2024-05-15,1312.13,191.6
F002,L3,2024-05-22,920.84,215.0
F002,L3,2024-05-20,955.11,114.6
F002,L2,2024-05-12,1309.77,199.0
F003,L2,2024-05-14,1203.71,241.9
F003,L1,2024-05-30,1349.4,146.0
F003,L2,2024-05-29,1151.31,200.3
F001,L1,2024-05-07,860.51,124.7
F003,L3,2024-05-25,965.11,121.5
F002,L3,2024-05-01,1073.23,160.5
F001,L3,2024-05-22,1227.21,137.9
F001,L3,2024-05-11,1436.39,232.9
F003,L1,2024-05-17,812.58,179.6
F002,L3,2024-05-27,809.07,149.9
F001,L3,2024-05-02,1494.97,274.3
F001,L3,2024-05-17,1469.24,247.5
F003,L3,2024-05-28,1092.29,138.8
F001,L2,2024-05-09,1419.91,233.6
F001,L3,2024-05-16,1235.34,118.8
F002,L1,2024-05-09,1447.3,272.1
F003,L1,2024-05-01,1339.0,255.0
F001,L3,2024-05-14,1476.83,147.1
F002,L2,2024-05-02,1031.76,107.6
F001,L2,2024-05-30,1591.09,134.9
F001,L2,2024-05-28,1561.53,210.4
F003,L1,2024-05-05,1546.48,291.8
F001,L3,2024-05-26,1240.21,239.3
F002,L3,2024-05-04,1554.21,255.3
F002,L1,2024-05-31,1132.65,113.0
F003,L2,2024-05-02,861.91,273.3
F003,L3,2024-05-16,1538.58,103.5
F001,L3,2024-05-20,1507.42,112.9
F003,L3,2024-05-16,1314.05,136.8
F002,L3,2024-05-13,1134.72,174.8
F003,L1,2024-05-14,1241.88,252.6
F003,L3,2024-05-30,931.17,158.2
F002,L1,2024-05-16,1588.51,110.8
F003,L2,2024-05-03,1538.82,250.9
F003,L1,2024-05-07,1295.3,220.6
F001,L1,2024-05-30,841.64,269.1
F003,L3,2024-05-13,941.67,259.2
F002,L1,2024-05-21,941.82,230.4
F002,L2,2024-05-10,1210.93,165.3
F003,L2,2024-05-20,1218.75,206.9
F003,L3,2024-05-06,850.49,133.6
F001,L3,2024-05-04,1511.81,287.9
F001,L3,2024-05-26,1460.94,134.6
F003,L2,2024-05-22,1343.2,292.8
F002,L2,2024-05-02,889.71,218.5
F003,L1,2024-05-18,1347.15,269.2
F002,L2,2024-05-25,1506.67,158.3
F003,L1,2024-05-17,1229.6,257.5
F002,L3,2024-05-09,1163.62,110.4
F002,L3,2024-05-27,1464.13,134.7
F002,L2,2024-05-07,1119.83,297.4
F003,L1,2024-05-16,1473.82,171.9
F003,L3,2024-05-12,1318.66,156.0
F002,L3,2024-05-08,1231.73,172.2
F001,L3,2024-05-16,1398.14,293.9
F003,L3,2024-05-02,1385.4,123.1
F001,L1,2024-05-21,1503.05,258.7
F002,L3,2024-05-23,1200.26,156.6
F001,L1,2024-05-04,1444.95,175.0
F002,L3,2024-05-14,1011.71,123.1
F001,L2,2024-05-13,824.8,277.3
F003,L1,2024-05-30,1534.88,165.4
F001,L2,2024-05-06,1588.97,261.9
F002,L1,2024-05-22,1253.64,115.5
F002,L3,2024-05-09,904.36,177.3
F001,L1,2024-05-04,1103.31,158.6
F003,L1,2024-05-07,884.32,112.8
F001,L3,2024-05-15,896.86,258.8
F002,L2,2024-05-15,1536.99,150.0
F002,L1,2024-05-20,1332.7,214.5
F001,L3,2024-05-03,1278.41,242.0
F001,L2,2024-05-14,1417.08,259.6
F001,L3,2024-05-12,925.84,183.4
F001,L2,2024-05-20,1095.26,194.4
F002,L1,2024-05-12,945.7,121.9
F003,L1,2024-05-05,1363.62,261.3
F003,L2,2024-05-16,1595.4,110.9
F002,L2,2024-05-24,1138.75,133.7
F003,L1,2024-05-31,954.62,276.7
F002,L2,2024-05-10,864.92,160.2
F001,L2,2024-05-16,868.36,167.4
F001,L1,2024-05-23,1196.79,236.5
F003,L2,2024-05-23,1433.9,253.7
F001,L2,2024-05-04,1052.73,192.9
F003,L3,2024-05-23,1528.09,284.9
F003,L3,2024-05-04,1120.84,245.7
F001,L1,2024-05-16,1576.64,163.4
F001,L1,2024-05-03,1006.45,244.7
F001,L1,2024-05-10,1361.38,200.2
F002,L2,2024-05-31,1133.18,143.4
F003,L1,2024-05-15,859.48,248.2
F003,L2,2024-05-03,1258.69,284.4
F003,L2,2024-05-13,1277.69,162.1
F002,L3,2024-05-02,1234.2,195.1
F001,L1,2024-05-09,805.95,124.4
F001,L2,2024-05-13,1506.35,117.9
F001,L2,2024-05-04,965.04,275.4
F001,L1,2024-05-22,900.58,142.6
F001,L1,2024-05-22,1561.89,226.3
F003,L1,2024-05-15,929.87,287.5
F002,L2,2024-05-19,1104.54,291.0
F002,L2,2024-05-01,824.52,213.9
F003,L3,2024-05-30,1388.67,163.4
F001,L2,2024-05-24,845.8,278.9
F002,L3,2024-05-27,1567.41,270.4
F001,L1,2024-05-14,1496.06,141.2
F003,L1,2024-05-10,1568.32,241.5
F001,L1,2024-05-09,1502.83,194.6
F002,L3,2024-05-13,1554.1,128.9
F003,L1,2024-05-05,983.06,268.6
F003,L2,2024-05-29,1594.23,158.8
F003,L1,2024-05-26,863.39,284.1
F002,L2,2024-05-02,979.45,261.3
F003,L2,2024-05-04,1302.33,167.6
F001,L1,2024-05-09,1535.48,184.5
F002,L1,2024-05-03,1476.4,199.0
F002,L2,2024-05-11,950.66,285.1
F001,L2,2024-05-25,1492.96,216.1
F002,L1,2024-05-14,826.99,164.7
F002,L1,2024-05-04,1352.82,142.6
F003,L1,2024-05-30,979.01,234.9
F003,L2,2024-05-24,1507.84,148.4
F001,L3,2024-05-01,1557.18,208.7
F003,L1,2024-05-21,1186.82,185.6
F003,L3,2024-05-11,1162.3,175.1
F001,L3,2024-05-26,1412.77,145.5
F001,L2,2024-05-04,1356.4,164.5
F002,L3,2024-05-10,1190.76,267.6
F001,L1,2024-05-09,1361.71,174.2
F003,L3,2024-05-28,1286.97,149.7
F003,L2,2024-05-02,875.02,185.3
F002,L1,2024-05-27,1560.93,267.3
F001,L3,2024-05-26,1473.39,196.7
F002,L1,2024-05-09,1586.79,259.0
F001,L2,2024-05-01,866.09,249.5
F003,L2,2024-05-20,1118.26,214.5
F002,L2,2024-05-21,814.28,224.0
F001,L3,2024-05-01,1062.04,257.6
F002,L1,2024-05-20,1080.08,284.3
F001,L3,2024-05-03,1224.51,189.4
F001,L2,2024-05-13,1204.26,179.3
F001,L3,2024-05-29,1285.07,227.0
F001,L2,2024-05-03,1140.82,227.1
F001,L3,2024-05-12,1489.47,107.0
F003,L3,2024-05-24,1537.8,227.3
F002,L1,2024-05-24,1190.37,229.2
F003,L1,2024-05-17,1581.66,299.4
F003,L3,2024-05-02,1115.0,259.8
F001,L1,2024-05-05,1568.02,264.3
F002,L3,2024-05-11,1282.14,275.6
F001,L1,2024-05-07,993.13,116.3
F002,L2,2024-05-16,1198.7,169.2
F003,L3,2024-05-27,971.35,270.3
F002,L1,2024-05-14,939.89,192.1
F001,L2,2024-05-03,951.58,258.2
F002,L3,2024-05-23,1195.65,128.8
F002,L3,2024-05-16,986.02,198.0
F002,L1,2024-05-30,1427.49,235.2
F002,L3,2024-05-05,809.49,150.5
F001,L2,2024-05-20,990.77,196.2
F001,L2,2024-05-21,1206.55,113.1
F003,L3,2024-05-10,914.78,110.1
F003,L2,2024-05-19,908.75,291.9
F002,L1,2024-05-31,1495.92,228.2
F001,L3,2024-05-12,1087.12,269.7
F003,L3,2024-05-16,1195.5,260.1
F003,L3,2024-05-08,1116.3,234.3
F001,L2,2024-05-07,1168.27,169.6
F001,L1,2024-05-17,1377.33,119.9
F003,L1,2024-05-05,1266.4,117.0
F002,L1,2024-05-04,1327.76,227.3
F001,L3,2024-05-07,840.58,105.9
F002,L1,2024-05-12,1556.43,235.3
F001,L2,2024-05-13,1579.48,155.8
F003,L2,2024-05-23,1385.36,120.7
F001,L1,2024-05-27,1383.43,136.3
F001,L1,2024-05-18,1187.28,149.9
F002,L3,2024-05-28,1444.26,111.8
F003,L3,2024-05-10,965.76,266.2
F001,L1,2024-05-16,809.55,205.4
F002,L3,2024-05-29,1151.69,203.8
F002,L3,2024-05-06,899.12,290.0
F001,L2,2024-05-27,1557.06,210.8
F001,L2,2024-05-21,843.27,101.3
F003,L1,2024-05-15,854.09,121.3
F001,L1,2024-05-30,1159.31,208.7
F002,L3,2024-05-20,1235.57,257.3
F001,L3,2024-05-01,957.87,227.6
F003,L2,2024-05-29,1392.34,146.3
F001,L1,2024-05-08,1434.38,189.1
F003,L2,2024-05-19,1013.27,133.8
F002,L2,2024-05-10,824.94,271.3
F001,L1,2024-05-11,1531.02,283.6
F002,L3,2024-05-31,1206.16,126.0
F001,L2,2024-05-18,1378.83,233.4
F003,L1,2024-05-22,1244.32,135.8
F003,L3,2024-05-08,1213.98,164.4
